Workbook

Sheet README
A1: STRUCTURE BDD RÉCLAMATIONS USAGERS — VERSION PROPRE
A3: 7 tables liées par des clés de correspondance :
A5: [reclamations] — table principale, 1 ligne = 1 réclamation
A6: [ref_canaux] — référentiel des canaux (téléphone, email...)
A7: [ref_motifs] — référentiel des motifs (retard, suppression...)
A8: [ref_communes] — référentiel des communes concernées
A9: [ref_lignes_locales] — référentiel des lignes locales
A10: [ref_lignes_regionales] — référentiel des lignes régionales
A11: [ref_declarants] — référentiel des déclarants (anonymat géré par booléen)
A13: RÈGLES RESPECTÉES :
A14: ✓ 1 champ = 1 seule information (plus de 'Meudon / Vanves' ou '323 et 169')
A15: ✓ Booléens en 0/1 : 'cloturee' et 'anonyme'
... A25: → Calculer le délai moyen de clôture

Sheet 📊 Tableau de bord
B1: TABLEAU DE SUIVI — RÉCLAMATIONS USAGERS 2024
B3: TOTAL RÉCLAMATIONS | D3: NON CLÔTURÉES | F3: CLÔTURÉES
B4: =COUNTA(reclamations!A2:A1000)-1 -> 8 | D4: =COUNTIF(reclamations!K2:K1000,0) -> 2 | F4: =COUNTIF(reclamations!K2:K1000,1) -> 7
B7: PAR MOTIF | E7: PAR COMMUNE
B8: Motif | C8: Nb réclamations | E8: Commune | F8: Nb réclamations
B9: Retard | C9: =COUNTIF(reclamations!D$2:D$1000,MATCH(B9,ref_motifs!B$2:B$1000,0)) -> 3 | E9: Meudon | F9: =COUNTIF(reclamations!E$2:E$1000,MATCH(E9,ref_communes!B$2:B$1000,0)) -> 5
B10: Information voyageurs | C10: =COUNTIF(reclamations!D$2:D$1000,MATCH(B10,ref_motifs!B$2:B$1000,0)) -> 1 | E10: Issy-les-Moulineaux | F10: =COUNTIF(reclamations!E$2:E$1000,MATCH(E10,ref_communes!B$2:B$1000,0)) -> 1
B11: Suppression | C11: =COUNTIF(reclamations!D$2:D$1000,MATCH(B11,ref_motifs!B$2:B$1000,0)) -> 2 | E11: Clamart | F11: =COUNTIF(reclamations!E$2:E$1000,MATCH(E11,ref_communes!B$2:B$1000,0)) -> 1
B12: Comportement | C12: =COUNTIF(reclamations!D$2:D$1000,MATCH(B12,ref_motifs!B$2:B$1000,0)) -> 1 | E12: Vanves | F12: =COUNTIF(reclamations!E$2:E$1000,MATCH(E12,ref_communes!B$2:B$1000,0)) -> 1
B13: Confort / surcharge | C13: =COUNTIF(reclamations!D$2:D$1000,MATCH(B13,ref_motifs!B$2:B$1000,0)) -> 1 | E13: Châtillon | F13: =COUNTIF(reclamations!E$2:E$1000,MATCH(E13,ref_communes!B$2:B$1000,0)) -> 1
B14: Infrastructure | C14: =COUNTIF(reclamations!D$2:D$1000,MATCH(B14,ref_motifs!B$2:B$1000,0)) -> 1
B17: RÉCLAMATIONS NON CLÔTURÉES — À TRAITER
B18: Date | C18: N° dossier | D18: Canal | E18: Commune | F18: Ligne locale | G18: Objet | H18: Déclarant
B19: =IFERROR(INDEX(reclamations!B$2:B$1000,SMALL(IF(reclamations!K$2:K$1000=0,ROW(reclamations!K$2:K$1000)-ROW(reclamations!K$2)+1),1)),"") -> 2024-01-03 | C19: =IFERROR(INDEX(reclamations!A$2:A$1000,SMALL(IF(reclamations!K$2:K$1000=0,ROW(reclamations!K$2:K$1000)-ROW(reclamations!K$2)+1),1)),"") -> 1 | D19: =IFERROR(INDEX(ref_canaux!B$2:B$1000,INDEX(reclamations!C$2:C$1000,SMALL(IF(reclamations!K$2:K$1000=0,ROW(reclamations!K$2:K$1000)-ROW(reclamations!K$2)+1),1))),"") -> Téléphone | E19: =IFERROR(INDEX(ref_communes!B$2:B$1000,INDEX(reclamations!E$2:E$1000,SMALL(IF(reclamations!K$2:K$1000=0,ROW(reclamations!K$2:K$1000)-ROW(reclamations!K$2)+1),1))),"") -> Meudon | F19: =IFERROR(INDEX(ref_lignes_locales!B$2:B$1000,INDEX(reclamations!F$2:F$1000,SMALL(IF(reclamations!K$2:K$1000=0,ROW(reclamations!K$2:K$1000)-ROW(reclamations!K$2)+1),1))),"") -> 323 | G19: =IFERROR(INDEX(reclamations!H$2:H$1000,SMALL(IF(reclamations!K$2:K$1000=0,ROW(reclamations!K$2:K$1000)-ROW(reclamations!K$2)+1),1)),"") -> Retard important à l'arrêt Meudon-Val Fleury | H19: =IFERROR(INDEX(ref_declarants!B$2:B$1000,INDEX(reclamations!I$2:I$1000,SMALL(IF(reclamations!K$2:K$1000=0,ROW(reclamations!K$2:K$1000)-ROW(reclamations!K$2)+1),1))),"") -> Dupont Marie
B20: =IFERROR(INDEX(reclamations!B$2:B$1000,SMALL(IF(reclamations!K$2:K$1000=0,ROW(reclamations!K$2:K$1000)-ROW(reclamations!K$2)+1),2)),"") | C20: =IFERROR(INDEX(reclamations!A$2:A$1000,SMALL(IF(reclamations!K$2:K$1000=0,ROW(reclamations!K$2:K$1000)-ROW(reclamations!K$2)+1),2)),"") | D20: =IFERROR(INDEX(ref_canaux!B$2:B$1000,INDEX(reclamations!C$2:C$1000,SMALL(IF(reclamations!K$2:K$1000=0,ROW(reclamations!K$2:K$1000)-ROW(reclamations!K$2)+1),2))),"") | E20: =IFERROR(INDEX(ref_communes!B$2:B$1000,INDEX(reclamations!E$2:E$1000,SMALL(IF(reclamations!K$2:K$1000=0,ROW(reclamations!K$2:K$1000)-ROW(reclamations!K$2)+1),2))),"") | F20: =IFERROR(INDEX(ref_lignes_locales!B$2:B$1000,INDEX(reclamations!F$2:F$1000,SMALL(IF(reclamations!K$2:K$1000=0,ROW(reclamations!K$2:K$1000)-ROW(reclamations!K$2)+1),2))),"") | G20: =IFERROR(INDEX(reclamations!H$2:H$1000,SMALL(IF(reclamations!K$2:K$1000=0,ROW(reclamations!K$2:K$1000)-ROW(reclamations!K$2)+1),2)),"") | H20: =IFERROR(INDEX(ref_declarants!B$2:B$1000,INDEX(reclamations!I$2:I$1000,SMALL(IF(reclamations!K$2:K$1000=0,ROW(reclamations!K$2:K$1000)-ROW(reclamations!K$2)+1),2))),"")
B21: =IFERROR(INDEX(reclamations!B$2:B$1000,SMALL(IF(reclamations!K$2:K$1000=0,ROW(reclamations!K$2:K$1000)-ROW(reclamations!K$2)+1),3)),"") | C21: =IFERROR(INDEX(reclamations!A$2:A$1000,SMALL(IF(reclamations!K$2:K$1000=0,ROW(reclamations!K$2:K$1000)-ROW(reclamations!K$2)+1),3)),"") | D21: =IFERROR(INDEX(ref_canaux!B$2:B$1000,INDEX(reclamations!C$2:C$1000,SMALL(IF(reclamations!K$2:K$1000=0,ROW(reclamations!K$2:K$1000)-ROW(reclamations!K$2)+1),3))),"") | E21: =IFERROR(INDEX(ref_communes!B$2:B$1000,INDEX(reclamations!E$2:E$1000,SMALL(IF(reclamations!K$2:K$1000=0,ROW(reclamations!K$2:K$1000)-ROW(reclamations!K$2)+1),3))),"") | F21: =IFERROR(INDEX(ref_lignes_locales!B$2:B$1000,INDEX(reclamations!F$2:F$1000,SMALL(IF(reclamations!K$2:K$1000=0,ROW(reclamations!K$2:K$1000)-ROW(reclamations!K$2)+1),3))),"") | G21: =IFERROR(INDEX(reclamations!H$2:H$1000,SMALL(IF(reclamations!K$2:K$1000=0,ROW(reclamations!K$2:K$1000)-ROW(reclamations!K$2)+1),3)),"") | H21: =IFERROR(INDEX(ref_declarants!B$2:B$1000,INDEX(reclamations!I$2:I$1000,SMALL(IF(reclamations!K$2:K$1000=0,ROW(reclamations!K$2:K$1000)-ROW(reclamations!K$2)+1),3))),"")
B22: =IFERROR(INDEX(reclamations!B$2:B$1000,SMALL(IF(reclamations!K$2:K$1000=0,ROW(reclamations!K$2:K$1000)-ROW(reclamations!K$2)+1),4)),"") | C22: =IFERROR(INDEX(reclamations!A$2:A$1000,SMALL(IF(reclamations!K$2:K$1000=0,ROW(reclamations!K$2:K$1000)-ROW(reclamations!K$2)+1),4)),"") | D22: =IFERROR(INDEX(ref_canaux!B$2:B$1000,INDEX(reclamations!C$2:C$1000,SMALL(IF(reclamations!K$2:K$1000=0,ROW(reclamations!K$2:K$1000)-ROW(reclamations!K$2)+1),4))),"") | E22: =IFERROR(INDEX(ref_communes!B$2:B$1000,INDEX(reclamations!E$2:E$1000,SMALL(IF(reclamations!K$2:K$1000=0,ROW(reclamations!K$2:K$1000)-ROW(reclamations!K$2)+1),4))),"") | F22: =IFERROR(INDEX(ref_lignes_locales!B$2:B$1000,INDEX(reclamations!F$2:F$1000,SMALL(IF(reclamations!K$2:K$1000=0,ROW(reclamations!K$2:K$1000)-ROW(reclamations!K$2)+1),4))),"") | G22: =IFERROR(INDEX(reclamations!H$2:H$1000,SMALL(IF(reclamations!K$2:K$1000=0,ROW(reclamations!K$2:K$1000)-ROW(reclamations!K$2)+1),4)),"") | H22: =IFERROR(INDEX(ref_declarants!B$2:B$1000,INDEX(reclamations!I$2:I$1000,SMALL(IF(reclamations!K$2:K$1000=0,ROW(reclamations!K$2:K$1000)-ROW(reclamations!K$2)+1),4))),"")
B23: =IFERROR(INDEX(reclamations!B$2:B$1000,SMALL(IF(reclamations!K$2:K$1000=0,ROW(reclamations!K$2:K$1000)-ROW(reclamations!K$2)+1),5)),"") | C23: =IFERROR(INDEX(reclamations!A$2:A$1000,SMALL(IF(reclamations!K$2:K$1000=0,ROW(reclamations!K$2:K$1000)-ROW(reclamations!K$2)+1),5)),"") | D23: =IFERROR(INDEX(ref_canaux!B$2:B$1000,INDEX(reclamations!C$2:C$1000,SMALL(IF(reclamations!K$2:K$1000=0,ROW(reclamations!K$2:K$1000)-ROW(reclamations!K$2)+1),5))),"") | E23: =IFERROR(INDEX(ref_communes!B$2:B$1000,INDEX(reclamations!E$2:E$1000,SMALL(IF(reclamations!K$2:K$1000=0,ROW(reclamations!K$2:K$1000)-ROW(reclamations!K$2)+1),5))),"") | F23: =IFERROR(INDEX(ref_lignes_locales!B$2:B$1000,INDEX(reclamations!F$2:F$1000,SMALL(IF(reclamations!K$2:K$1000=0,ROW(reclamations!K$2:K$1000)-ROW(reclamations!K$2)+1),5))),"") | G23: =IFERROR(INDEX(reclamations!H$2:H$1000,SMALL(IF(reclamations!K$2:K$1000=0,ROW(reclamations!K$2:K$1000)-ROW(reclamations!K$2)+1),5)),"") | H23: =IFERROR(INDEX(ref_declarants!B$2:B$1000,INDEX(reclamations!I$2:I$1000,SMALL(IF(reclamations!K$2:K$1000=0,ROW(reclamations!K$2:K$1000)-ROW(reclamations!K$2)+1),5))),"")
B26: 💡 Ce tableau se met à jour automatiquement à chaque nouvelle saisie dans l'onglet [reclamations]. Ne jamais modifier cet onglet manuellement.

Sheet reclamations
A1: id_reclamation | B1: date_reclamation | C1: id_canal | D1: id_motif | E1: id_commune | F1: id_ligne_locale | G1: id_ligne_regionale | H1: objet_libre | I1: id_nom | J1: date_cloture | K1: cloturee
A2: 1 | B2: 2024-01-03 | C2: 1 | D2: 1 | E2: 1 | F2: 1 | H2: Retard important à l'arrêt Meudon-Val Fleury | I2: 1 | J2: 2024-01-05 | K2: 1
A3: 2 | B3: 2024-01-05 | C3: 3 | D3: 3 | E3: 1 | F3: 1 | G3: 1 | H3: Retard puis suppression sans annonce | I3: 2 | K3: 0
A4: 3 | B4: 2024-01-08 | C4: 2 | D4: 4 | E4: 2 | F4: 2 | H4: Chauffeur impoli envers une passagère | I4: 3 | J4: 2024-01-10 | K4: 1
A5: 4 | B5: 2024-01-09 | C5: 1 | D5: 5 | E5: 3 | F5: 3 | G5: 1 | H5: Bus bondé, impossible de monter | I5: 4 | J5: 2024-01-15 | K5: 1
A6: 5 | B6: 2024-01-15 | C6: 1 | D6: 6 | E6: 1 | F6: 4 | H6: Abribus vandalisé, vitre cassée | I6: 5 | J6: 2024-01-20 | K6: 1
A7: 6 | B7: 2024-02-02 | C7: 1 | D7: 1 | E7: 4 | F7: 5 | H7: Retard de 20 minutes | I7: 6 | J7: 2024-02-04 | K7: 1
A8: 7 | B8: 2024-02-07 | C8: 1 | D8: 2 | E8: 1 | G8: 1 | H8: Horaires incorrects sur l'application mobile | I8: 7 | K8: 0
A9: 8 | B9: 2024-02-14 | C9: 2 | D9: 1 | E9: 1 | F9: 4 | H9: Retard récurrent sur la ligne 169 | I9: 3 | J9: 2024-02-15 | K9: 1
A10: 9 | B10: 2024-02-21 | C10: 4 | D10: 3 | E10: 5 | F10: 6 | G10: 1 | H10: Suppression sans information aux voyageurs | I10: 8 | J10: 2024-02-28 | K10: 1

Sheet ref_canaux
A1: id_canal | B1: libelle_canal
A2: 1 | B2: Téléphone
A3: 2 | B3: Email
A4: 3 | B4: Téléphone + Email
A5: 4 | B5: Téléphone + Courrier

Sheet ref_motifs
A1: id_motif | B1: libelle_motif
A2: 1 | B2: Retard
A3: 2 | B3: Information voyageurs
A4: 3 | B4: Suppression
A5: 4 | B5: Comportement
A6: 5 | B6: Confort / surcharge
A7: 6 | B7: Infrastructure

Sheet ref_communes
A1: id_commune | B1: nom_commune | C1: code_postal
A2: 1 | B2: Meudon | C2: 92190
A3: 2 | B3: Issy-les-Moulineaux | C3: 92130
A4: 3 | B4: Clamart | C4: 92140
A5: 4 | B5: Vanves | C5: 92170
A6: 5 | B6: Châtillon | C6: 92320

Sheet ref_lignes_locales
A1: id_ligne_locale | B1: numero_ligne | C1: operateur
A2: 1 | B2: 323 | C2: Transdev
A3: 2 | B3: 191 | C3: Transdev
A4: 3 | B4: 289 | C4: Keolis
A5: 4 | B5: 169 | C5: Transdev
A6: 5 | B6: 58 | C6: RATP
A7: 6 | B7: 290 | C7: Keolis

Sheet ref_lignes_regionales
A1: id_ligne_regionale | B1: numero_ligne | C1: operateur
A2: 1 | B2: N118 | C2: Transilien SNCF

Sheet ref_declarants
A1: id_nom | B1: nom_prenom | C1: anonyme
A2: 1 | B2: Dupont Marie | C2: 0
A3: 2 | B3: Martin Jean-Pierre | C3: 0
A4: 3 | B4: Lefebvre Christine | C4: 0
A5: 4 | B5: Anonyme | C5: 1
A6: 5 | B6: Petit Robert | C6: 0
A7: 6 | B7: Bernard Lucie | C7: 0
A8: 7 | B8: Durand Paul | C8: 0
A9: 8 | B9: Thomas André | C9: 0
