Workbook
Name L_CANAL: listes!$A$2:$A$7
Name L_MOTIF: listes!$B$2:$B$7
Name L_NUM: OFFSET(listes!$C$2,0,0,COUNTIF(listes!$C$2:$C$41,"?*"),1)

Sheet reclamations
A1: id_reclamation | B1: date_reception | C1: canal | D1: numero_ligne | E1: commune | F1: motif | G1: objet | H1: cloturee | I1: date_cloture | J1: prestataire | K1: type_marche | L1: date_fin_contrat | M1: ecart_fin_contrat_j | N1: alerte_fin_contrat | O1: annee | P1: trimestre
A2: R001 | B2: 45327 | C2: Téléphone | D2: 169 | E2: Meudon | F2: Retard | G2: Retard de 20 min annoncé tardivement | H2: 1 | I2: 45330 | J2: =VLOOKUP(VLOOKUP($D2,[1]lignes_bus!$B$1:$E$200,4,0),[2]prestataires!$A$1:$F$50,2,0) -> Transdev Île-de-France SA | K2: =VLOOKUP(VLOOKUP($D2,[1]lignes_bus!$B$1:$E$200,4,0),[2]prestataires!$A$1:$F$50,4,0) -> DSP | L2: =VLOOKUP(VLOOKUP($D2,[1]lignes_bus!$B$1:$E$200,4,0),[2]prestataires!$A$1:$F$50,6,0) -> 47118 | M2: =$L2-$B2 -> 1791 | N2: =IF($M2<0,"Contrat expiré",IF($M2<=548,"Échéance proche","Suivi normal")) -> Suivi normal | O2: =IF($B2="","",YEAR($B2)) -> 2024 | P2: =IF($B2="","","T"&ROUNDUP(MONTH($B2)/3,0)) -> T1
A3: R002 | B3: 45426 | C3: Email | D3: 169 | E3: Meudon | F3: Retard | G3: Retards répétés le matin sur le 169 | H3: 0 | J3: =VLOOKUP(VLOOKUP($D3,[1]lignes_bus!$B$1:$E$200,4,0),[2]prestataires!$A$1:$F$50,2,0) -> Transdev Île-de-France SA | K3: =VLOOKUP(VLOOKUP($D3,[1]lignes_bus!$B$1:$E$200,4,0),[2]prestataires!$A$1:$F$50,4,0) -> DSP | L3: =VLOOKUP(VLOOKUP($D3,[1]lignes_bus!$B$1:$E$200,4,0),[2]prestataires!$A$1:$F$50,6,0) -> 47118 | M3: =$L3-$B3 -> 1692 | N3: =IF($M3<0,"Contrat expiré",IF($M3<=548,"Échéance proche","Suivi normal")) -> Suivi normal | O3: =IF($B3="","",YEAR($B3)) -> 2024 | P3: =IF($B3="","","T"&ROUNDUP(MONTH($B3)/3,0)) -> T2
A4: R003 | B4: 45463 | C4: Formulaire web | D4: 323 | E4: Meudon | F4: Suppression de service | G4: Bus supprimé sans information | H4: 0 | J4: =VLOOKUP(VLOOKUP($D4,[1]lignes_bus!$B$1:$E$200,4,0),[2]prestataires!$A$1:$F$50,2,0) -> Transdev Île-de-France SA | K4: =VLOOKUP(VLOOKUP($D4,[1]lignes_bus!$B$1:$E$200,4,0),[2]prestataires!$A$1:$F$50,4,0) -> DSP | L4: =VLOOKUP(VLOOKUP($D4,[1]lignes_bus!$B$1:$E$200,4,0),[2]prestataires!$A$1:$F$50,6,0) -> 47118 | M4: =$L4-$B4 -> 1655 | N4: =IF($M4<0,"Contrat expiré",IF($M4<=548,"Échéance proche","Suivi normal")) -> Suivi normal | O4: =IF($B4="","",YEAR($B4)) -> 2024 | P4: =IF($B4="","","T"&ROUNDUP(MONTH($B4)/3,0)) -> T2
A5: R004 | B5: 45513 | C5: Courrier | D5: 389 | E5: Boulogne-Billancourt | F5: Information voyageurs | G5: Affichage des horaires erroné à l'arrêt | H5: 1 | I5: 45518 | J5: =VLOOKUP(VLOOKUP($D5,[1]lignes_bus!$B$1:$E$200,4,0),[2]prestataires!$A$1:$F$50,2,0) -> ATM Croix du Sud SARL | K5: =VLOOKUP(VLOOKUP($D5,[1]lignes_bus!$B$1:$E$200,4,0),[2]prestataires!$A$1:$F$50,4,0) -> Marché public | L5: =VLOOKUP(VLOOKUP($D5,[1]lignes_bus!$B$1:$E$200,4,0),[2]prestataires!$A$1:$F$50,6,0) -> 45716 | M5: =$L5-$B5 -> 203 | N5: =IF($M5<0,"Contrat expiré",IF($M5<=548,"Échéance proche","Suivi normal")) -> Échéance proche | O5: =IF($B5="","",YEAR($B5)) -> 2024 | P5: =IF($B5="","","T"&ROUNDUP(MONTH($B5)/3,0)) -> T3
A6: R005 | B6: 45561 | C6: Guichet | D6: 169 | E6: Issy-les-Moulineaux | F6: Retard | G6: Correspondance manquée à cause d'un retard | H6: 1 | I6: 45565 | J6: =VLOOKUP(VLOOKUP($D6,[1]lignes_bus!$B$1:$E$200,4,0),[2]prestataires!$A$1:$F$50,2,0) -> Transdev Île-de-France SA | K6: =VLOOKUP(VLOOKUP($D6,[1]lignes_bus!$B$1:$E$200,4,0),[2]prestataires!$A$1:$F$50,4,0) -> DSP | L6: =VLOOKUP(VLOOKUP($D6,[1]lignes_bus!$B$1:$E$200,4,0),[2]prestataires!$A$1:$F$50,6,0) -> 47118 | M6: =$L6-$B6 -> 1557 | N6: =IF($M6<0,"Contrat expiré",IF($M6<=548,"Échéance proche","Suivi normal")) -> Suivi normal | O6: =IF($B6="","",YEAR($B6)) -> 2024 | P6: =IF($B6="","","T"&ROUNDUP(MONTH($B6)/3,0)) -> T3
A7: R006 | B7: 45608 | C7: Réseaux sociaux | D7: 290 | E7: Marne-la-Coquette | F7: Confort / Surcharge | G7: Bus bondé aux heures de pointe | H7: 0 | J7: =VLOOKUP(VLOOKUP($D7,[1]lignes_bus!$B$1:$E$200,4,0),[2]prestataires!$A$1:$F$50,2,0) -> ATM Croix du Sud SARL | K7: =VLOOKUP(VLOOKUP($D7,[1]lignes_bus!$B$1:$E$200,4,0),[2]prestataires!$A$1:$F$50,4,0) -> Marché public | L7: =VLOOKUP(VLOOKUP($D7,[1]lignes_bus!$B$1:$E$200,4,0),[2]prestataires!$A$1:$F$50,6,0) -> 45716 | M7: =$L7-$B7 -> 108 | N7: =IF($M7<0,"Contrat expiré",IF($M7<=548,"Échéance proche","Suivi normal")) -> Échéance proche | O7: =IF($B7="","",YEAR($B7)) -> 2024 | P7: =IF($B7="","","T"&ROUNDUP(MONTH($B7)/3,0)) -> T4
A8: R007 | B8: 45629 | C8: Téléphone | D8: 169 | E8: Meudon | F8: Comportement conducteur | G8: Conducteur désagréable avec une usagère | H8: 1 | I8: 45635 | J8: =VLOOKUP(VLOOKUP($D8,[1]lignes_bus!$B$1:$E$200,4,0),[2]prestataires!$A$1:$F$50,2,0) -> Transdev Île-de-France SA | K8: =VLOOKUP(VLOOKUP($D8,[1]lignes_bus!$B$1:$E$200,4,0),[2]prestataires!$A$1:$F$50,4,0) -> DSP | L8: =VLOOKUP(VLOOKUP($D8,[1]lignes_bus!$B$1:$E$200,4,0),[2]prestataires!$A$1:$F$50,6,0) -> 47118 | M8: =$L8-$B8 -> 1489 | N8: =IF($M8<0,"Contrat expiré",IF($M8<=548,"Échéance proche","Suivi normal")) -> Suivi normal | O8: =IF($B8="","",YEAR($B8)) -> 2024 | P8: =IF($B8="","","T"&ROUNDUP(MONTH($B8)/3,0)) -> T4
A9: R008 | B9: 45687 | C9: Email | D9: 58 | E9: Vanves | F9: Retard | G9: Passage sans arrêt malgré l'attente | H9: 1 | I9: 45692 | J9: =VLOOKUP(VLOOKUP($D9,[1]lignes_bus!$B$1:$E$200,4,0),[2]prestataires!$A$1:$F$50,2,0) -> RATP Dev SACS | K9: =VLOOKUP(VLOOKUP($D9,[1]lignes_bus!$B$1:$E$200,4,0),[2]prestataires!$A$1:$F$50,4,0) -> DSP | L9: =VLOOKUP(VLOOKUP($D9,[1]lignes_bus!$B$1:$E$200,4,0),[2]prestataires!$A$1:$F$50,6,0) -> 46203 | M9: =$L9-$B9 -> 516 | N9: =IF($M9<0,"Contrat expiré",IF($M9<=548,"Échéance proche","Suivi normal")) -> Échéance proche | O9: =IF($B9="","",YEAR($B9)) -> 2025 | P9: =IF($B9="","","T"&ROUNDUP(MONTH($B9)/3,0)) -> T1
A10: R009 | B10: 45706 | C10: Formulaire web | D10: 323 | E10: Sèvres | F10: Suppression de service | G10: Service interrompu en soirée | H10: 0 | J10: =VLOOKUP(VLOOKUP($D10,[1]lignes_bus!$B$1:$E$200,4,0),[2]prestataires!$A$1:$F$50,2,0) -> Transdev Île-de-France SA | K10: =VLOOKUP(VLOOKUP($D10,[1]lignes_bus!$B$1:$E$200,4,0),[2]prestataires!$A$1:$F$50,4,0) -> DSP | L10: =VLOOKUP(VLOOKUP($D10,[1]lignes_bus!$B$1:$E$200,4,0),[2]prestataires!$A$1:$F$50,6,0) -> 47118 | M10: =$L10-$B10 -> 1412 | N10: =IF($M10<0,"Contrat expiré",IF($M10<=548,"Échéance proche","Suivi normal")) -> Suivi normal | O10: =IF($B10="","",YEAR($B10)) -> 2025 | P10: =IF($B10="","","T"&ROUNDUP(MONTH($B10)/3,0)) -> T1
A11: R010 | B11: 45754 | C11: Courrier | D11: 169 | E11: Marne-la-Coquette | F11: Retard | G11: Retard important sans explication | H11: 0 | J11: =VLOOKUP(VLOOKUP($D11,[1]lignes_bus!$B$1:$E$200,4,0),[2]prestataires!$A$1:$F$50,2,0) -> Transdev Île-de-France SA | K11: =VLOOKUP(VLOOKUP($D11,[1]lignes_bus!$B$1:$E$200,4,0),[2]prestataires!$A$1:$F$50,4,0) -> DSP | L11: =VLOOKUP(VLOOKUP($D11,[1]lignes_bus!$B$1:$E$200,4,0),[2]prestataires!$A$1:$F$50,6,0) -> 47118 | M11: =$L11-$B11 -> 1364 | N11: =IF($M11<0,"Contrat expiré",IF($M11<=548,"Échéance proche","Suivi normal")) -> Suivi normal | O11: =IF($B11="","",YEAR($B11)) -> 2025 | P11: =IF($B11="","","T"&ROUNDUP(MONTH($B11)/3,0)) -> T2
A12: R011 | B12: 45799 | C12: Guichet | D12: N118 | E12: Meudon | F12: Confort / Surcharge | G12: Surcharge la nuit, voyageurs debout | H12: 1 | I12: 45804 | J12: =VLOOKUP(VLOOKUP($D12,[1]lignes_bus!$B$1:$E$200,4,0),[2]prestataires!$A$1:$F$50,2,0) -> RATP Dev SACS | K12: =VLOOKUP(VLOOKUP($D12,[1]lignes_bus!$B$1:$E$200,4,0),[2]prestataires!$A$1:$F$50,4,0) -> DSP | L12: =VLOOKUP(VLOOKUP($D12,[1]lignes_bus!$B$1:$E$200,4,0),[2]prestataires!$A$1:$F$50,6,0) -> 46203 | M12: =$L12-$B12 -> 404 | N12: =IF($M12<0,"Contrat expiré",IF($M12<=548,"Échéance proche","Suivi normal")) -> Échéance proche | O12: =IF($B12="","",YEAR($B12)) -> 2025 | P12: =IF($B12="","","T"&ROUNDUP(MONTH($B12)/3,0)) -> T2
A13: R012 | B13: 45852 | C13: Réseaux sociaux | D13: 389 | E13: Issy-les-Moulineaux | F13: Infrastructure / Arrêt | G13: Abribus dégradé, pas d'éclairage | H13: 1 | I13: 45856 | J13: =VLOOKUP(VLOOKUP($D13,[1]lignes_bus!$B$1:$E$200,4,0),[2]prestataires!$A$1:$F$50,2,0) -> ATM Croix du Sud SARL | K13: =VLOOKUP(VLOOKUP($D13,[1]lignes_bus!$B$1:$E$200,4,0),[2]prestataires!$A$1:$F$50,4,0) -> Marché public | L13: =VLOOKUP(VLOOKUP($D13,[1]lignes_bus!$B$1:$E$200,4,0),[2]prestataires!$A$1:$F$50,6,0) -> 45716 | M13: =$L13-$B13 -> -136 | N13: =IF($M13<0,"Contrat expiré",IF($M13<=548,"Échéance proche","Suivi normal")) -> Contrat expiré | O13: =IF($B13="","",YEAR($B13)) -> 2025 | P13: =IF($B13="","","T"&ROUNDUP(MONTH($B13)/3,0)) -> T3
A14: R013 | B14: 45897 | C14: Téléphone | D14: 169 | E14: Ville-d'Avray | F14: Information voyageurs | G14: Information voyageurs inexistante | H14: 0 | J14: =VLOOKUP(VLOOKUP($D14,[1]lignes_bus!$B$1:$E$200,4,0),[2]prestataires!$A$1:$F$50,2,0) -> Transdev Île-de-France SA | K14: =VLOOKUP(VLOOKUP($D14,[1]lignes_bus!$B$1:$E$200,4,0),[2]prestataires!$A$1:$F$50,4,0) -> DSP | L14: =VLOOKUP(VLOOKUP($D14,[1]lignes_bus!$B$1:$E$200,4,0),[2]prestataires!$A$1:$F$50,6,0) -> 47118 | M14: =$L14-$B14 -> 1221 | N14: =IF($M14<0,"Contrat expiré",IF($M14<=548,"Échéance proche","Suivi normal")) -> Suivi normal | O14: =IF($B14="","",YEAR($B14)) -> 2025 | P14: =IF($B14="","","T"&ROUNDUP(MONTH($B14)/3,0)) -> T3
A15: R014 | B15: 45951 | C15: Email | D15: 291 | E15: Sèvres | F15: Retard | G15: Retard récurrent en fin de journée | H15: 1 | I15: 45958 | J15: =VLOOKUP(VLOOKUP($D15,[1]lignes_bus!$B$1:$E$200,4,0),[2]prestataires!$A$1:$F$50,2,0) -> Keolis Île-de-France SA | K15: =VLOOKUP(VLOOKUP($D15,[1]lignes_bus!$B$1:$E$200,4,0),[2]prestataires!$A$1:$F$50,4,0) -> Marché public | L15: =VLOOKUP(VLOOKUP($D15,[1]lignes_bus!$B$1:$E$200,4,0),[2]prestataires!$A$1:$F$50,6,0) -> 46752 | M15: =$L15-$B15 -> 801 | N15: =IF($M15<0,"Contrat expiré",IF($M15<=548,"Échéance proche","Suivi normal")) -> Suivi normal | O15: =IF($B15="","",YEAR($B15)) -> 2025 | P15: =IF($B15="","","T"&ROUNDUP(MONTH($B15)/3,0)) -> T4
A16: R015 | B16: 45986 | C16: Formulaire web | D16: 169 | E16: Meudon | F16: Suppression de service | G16: Course supprimée non remplacée | H16: 0 | J16: =VLOOKUP(VLOOKUP($D16,[1]lignes_bus!$B$1:$E$200,4,0),[2]prestataires!$A$1:$F$50,2,0) -> Transdev Île-de-France SA | K16: =VLOOKUP(VLOOKUP($D16,[1]lignes_bus!$B$1:$E$200,4,0),[2]prestataires!$A$1:$F$50,4,0) -> DSP | L16: =VLOOKUP(VLOOKUP($D16,[1]lignes_bus!$B$1:$E$200,4,0),[2]prestataires!$A$1:$F$50,6,0) -> 47118 | M16: =$L16-$B16 -> 1132 | N16: =IF($M16<0,"Contrat expiré",IF($M16<=548,"Échéance proche","Suivi normal")) -> Suivi normal | O16: =IF($B16="","",YEAR($B16)) -> 2025 | P16: =IF($B16="","","T"&ROUNDUP(MONTH($B16)/3,0)) -> T4
A17: R016 | B17: 46037 | C17: Courrier | D17: 290 | E17: Chaville | F17: Comportement conducteur | G17: Altercation avec le conducteur | H17: 1 | I17: 46042 | J17: =VLOOKUP(VLOOKUP($D17,[1]lignes_bus!$B$1:$E$200,4,0),[2]prestataires!$A$1:$F$50,2,0) -> ATM Croix du Sud SARL | K17: =VLOOKUP(VLOOKUP($D17,[1]lignes_bus!$B$1:$E$200,4,0),[2]prestataires!$A$1:$F$50,4,0) -> Marché public | L17: =VLOOKUP(VLOOKUP($D17,[1]lignes_bus!$B$1:$E$200,4,0),[2]prestataires!$A$1:$F$50,6,0) -> 45716 | M17: =$L17-$B17 -> -321 | N17: =IF($M17<0,"Contrat expiré",IF($M17<=548,"Échéance proche","Suivi normal")) -> Contrat expiré | O17: =IF($B17="","",YEAR($B17)) -> 2026 | P17: =IF($B17="","","T"&ROUNDUP(MONTH($B17)/3,0)) -> T1
A18: R017 | B18: 46057 | C18: Guichet | D18: 289 | E18: Marne-la-Coquette | F18: Retard | G18: Ligne suspendue, attente prolongée | H18: 0 | J18: =VLOOKUP(VLOOKUP($D18,[1]lignes_bus!$B$1:$E$200,4,0),[2]prestataires!$A$1:$F$50,2,0) -> Keolis Île-de-France SA | K18: =VLOOKUP(VLOOKUP($D18,[1]lignes_bus!$B$1:$E$200,4,0),[2]prestataires!$A$1:$F$50,4,0) -> Marché public | L18: =VLOOKUP(VLOOKUP($D18,[1]lignes_bus!$B$1:$E$200,4,0),[2]prestataires!$A$1:$F$50,6,0) -> 46752 | M18: =$L18-$B18 -> 695 | N18: =IF($M18<0,"Contrat expiré",IF($M18<=548,"Échéance proche","Suivi normal")) -> Suivi normal | O18: =IF($B18="","",YEAR($B18)) -> 2026 | P18: =IF($B18="","","T"&ROUNDUP(MONTH($B18)/3,0)) -> T1
A19: R018 | B19: 46089 | C19: Réseaux sociaux | D19: 323 | E19: Issy-les-Moulineaux | F19: Confort / Surcharge | G19: Véhicule trop petit pour la fréquentation | H19: 1 | I19: 46093 | J19: =VLOOKUP(VLOOKUP($D19,[1]lignes_bus!$B$1:$E$200,4,0),[2]prestataires!$A$1:$F$50,2,0) -> Transdev Île-de-France SA | K19: =VLOOKUP(VLOOKUP($D19,[1]lignes_bus!$B$1:$E$200,4,0),[2]prestataires!$A$1:$F$50,4,0) -> DSP | L19: =VLOOKUP(VLOOKUP($D19,[1]lignes_bus!$B$1:$E$200,4,0),[2]prestataires!$A$1:$F$50,6,0) -> 47118 | M19: =$L19-$B19 -> 1029 | N19: =IF($M19<0,"Contrat expiré",IF($M19<=548,"Échéance proche","Suivi normal")) -> Suivi normal | O19: =IF($B19="","",YEAR($B19)) -> 2026 | P19: =IF($B19="","","T"&ROUNDUP(MONTH($B19)/3,0)) -> T1
A20: R019 | B20: 46124 | C20: Téléphone | D20: 169 | E20: Marne-la-Coquette | F20: Retard | G20: Retard quotidien au départ | H20: 0 | J20: =VLOOKUP(VLOOKUP($D20,[1]lignes_bus!$B$1:$E$200,4,0),[2]prestataires!$A$1:$F$50,2,0) -> Transdev Île-de-France SA | K20: =VLOOKUP(VLOOKUP($D20,[1]lignes_bus!$B$1:$E$200,4,0),[2]prestataires!$A$1:$F$50,4,0) -> DSP | L20: =VLOOKUP(VLOOKUP($D20,[1]lignes_bus!$B$1:$E$200,4,0),[2]prestataires!$A$1:$F$50,6,0) -> 47118 | M20: =$L20-$B20 -> 994 | N20: =IF($M20<0,"Contrat expiré",IF($M20<=548,"Échéance proche","Suivi normal")) -> Suivi normal | O20: =IF($B20="","",YEAR($B20)) -> 2026 | P20: =IF($B20="","","T"&ROUNDUP(MONTH($B20)/3,0)) -> T2
A21: R020 | B21: 46148 | C21: Email | D21: 58 | E21: Boulogne-Billancourt | F21: Information voyageurs | G21: Panneau d'information en panne | H21: 1 | I21: 46153 | J21: =VLOOKUP(VLOOKUP($D21,[1]lignes_bus!$B$1:$E$200,4,0),[2]prestataires!$A$1:$F$50,2,0) -> RATP Dev SACS | K21: =VLOOKUP(VLOOKUP($D21,[1]lignes_bus!$B$1:$E$200,4,0),[2]prestataires!$A$1:$F$50,4,0) -> DSP | L21: =VLOOKUP(VLOOKUP($D21,[1]lignes_bus!$B$1:$E$200,4,0),[2]prestataires!$A$1:$F$50,6,0) -> 46203 | M21: =$L21-$B21 -> 55 | N21: =IF($M21<0,"Contrat expiré",IF($M21<=548,"Échéance proche","Suivi normal")) -> Échéance proche | O21: =IF($B21="","",YEAR($B21)) -> 2026 | P21: =IF($B21="","","T"&ROUNDUP(MONTH($B21)/3,0)) -> T2
A22: R021 | B22: 46161 | C22: Formulaire web | D22: N118 | E22: Chaville | F22: Infrastructure / Arrêt | G22: Arrêt mal signalé la nuit | H22: 0 | J22: =VLOOKUP(VLOOKUP($D22,[1]lignes_bus!$B$1:$E$200,4,0),[2]prestataires!$A$1:$F$50,2,0) -> RATP Dev SACS | K22: =VLOOKUP(VLOOKUP($D22,[1]lignes_bus!$B$1:$E$200,4,0),[2]prestataires!$A$1:$F$50,4,0) -> DSP | L22: =VLOOKUP(VLOOKUP($D22,[1]lignes_bus!$B$1:$E$200,4,0),[2]prestataires!$A$1:$F$50,6,0) -> 46203 | M22: =$L22-$B22 -> 42 | N22: =IF($M22<0,"Contrat expiré",IF($M22<=548,"Échéance proche","Suivi normal")) -> Échéance proche | O22: =IF($B22="","",YEAR($B22)) -> 2026 | P22: =IF($B22="","","T"&ROUNDUP(MONTH($B22)/3,0)) -> T2
A23: R022 | B23: 46175 | C23: Courrier | D23: 169 | E23: Issy-les-Moulineaux | F23: Suppression de service | G23: Suppression sans annonce sonore | H23: 1 | I23: 46178 | J23: =VLOOKUP(VLOOKUP($D23,[1]lignes_bus!$B$1:$E$200,4,0),[2]prestataires!$A$1:$F$50,2,0) -> Transdev Île-de-France SA | K23: =VLOOKUP(VLOOKUP($D23,[1]lignes_bus!$B$1:$E$200,4,0),[2]prestataires!$A$1:$F$50,4,0) -> DSP | L23: =VLOOKUP(VLOOKUP($D23,[1]lignes_bus!$B$1:$E$200,4,0),[2]prestataires!$A$1:$F$50,6,0) -> 47118 | M23: =$L23-$B23 -> 943 | N23: =IF($M23<0,"Contrat expiré",IF($M23<=548,"Échéance proche","Suivi normal")) -> Suivi normal | O23: =IF($B23="","",YEAR($B23)) -> 2026 | P23: =IF($B23="","","T"&ROUNDUP(MONTH($B23)/3,0)) -> T2
A24: R023 | B24: 46096 | C24: Email | D24: 169 | E24: Vanves | F24: Retard | G24: Bus 169 jamais vu a Vanves | H24: 0 | J24: =VLOOKUP(VLOOKUP($D24,[1]lignes_bus!$B$1:$E$200,4,0),[2]prestataires!$A$1:$F$50,2,0) -> Transdev Île-de-France SA | K24: =VLOOKUP(VLOOKUP($D24,[1]lignes_bus!$B$1:$E$200,4,0),[2]prestataires!$A$1:$F$50,4,0) -> DSP | L24: =VLOOKUP(VLOOKUP($D24,[1]lignes_bus!$B$1:$E$200,4,0),[2]prestataires!$A$1:$F$50,6,0) -> 47118 | M24: =$L24-$B24 -> 1022 | N24: =IF($M24<0,"Contrat expiré",IF($M24<=548,"Échéance proche","Suivi normal")) -> Suivi normal | O24: =IF($B24="","",YEAR($B24)) -> 2026 | P24: =IF($B24="","","T"&ROUNDUP(MONTH($B24)/3,0)) -> T1
A25: R024 | B25: 46132 | C25: Téléphone | D25: N118 | E25: Sèvres | F25: Confort / Surcharge | G25: N118 bonde a Sevres | H25: 1 | I25: 46137 | J25: =VLOOKUP(VLOOKUP($D25,[1]lignes_bus!$B$1:$E$200,4,0),[2]prestataires!$A$1:$F$50,2,0) -> RATP Dev SACS | K25: =VLOOKUP(VLOOKUP($D25,[1]lignes_bus!$B$1:$E$200,4,0),[2]prestataires!$A$1:$F$50,4,0) -> DSP | L25: =VLOOKUP(VLOOKUP($D25,[1]lignes_bus!$B$1:$E$200,4,0),[2]prestataires!$A$1:$F$50,6,0) -> 46203 | M25: =$L25-$B25 -> 71 | N25: =IF($M25<0,"Contrat expiré",IF($M25<=548,"Échéance proche","Suivi normal")) -> Échéance proche | O25: =IF($B25="","",YEAR($B25)) -> 2026 | P25: =IF($B25="","","T"&ROUNDUP(MONTH($B25)/3,0)) -> T2
A26: R025 | B26: 46152 | C26: Guichet | D26: 290 | E26: Chaville | F26: Retard | G26: Retard signale | H26: 1 | I26: 46144 | J26: =VLOOKUP(VLOOKUP($D26,[1]lignes_bus!$B$1:$E$200,4,0),[2]prestataires!$A$1:$F$50,2,0) -> ATM Croix du Sud SARL | K26: =VLOOKUP(VLOOKUP($D26,[1]lignes_bus!$B$1:$E$200,4,0),[2]prestataires!$A$1:$F$50,4,0) -> Marché public | L26: =VLOOKUP(VLOOKUP($D26,[1]lignes_bus!$B$1:$E$200,4,0),[2]prestataires!$A$1:$F$50,6,0) -> 45716 | M26: =$L26-$B26 -> -436 | N26: =IF($M26<0,"Contrat expiré",IF($M26<=548,"Échéance proche","Suivi normal")) -> Contrat expiré | O26: =IF($B26="","",YEAR($B26)) -> 2026 | P26: =IF($B26="","","T"&ROUNDUP(MONTH($B26)/3,0)) -> T2
A27: R026 | B27: 46631 | C27: Courrier | D27: 323 | E27: Meudon | F27: Suppression de service | G27: Reclamation pour l'an prochain | H27: 0 | J27: =VLOOKUP(VLOOKUP($D27,[1]lignes_bus!$B$1:$E$200,4,0),[2]prestataires!$A$1:$F$50,2,0) -> Transdev Île-de-France SA | K27: =VLOOKUP(VLOOKUP($D27,[1]lignes_bus!$B$1:$E$200,4,0),[2]prestataires!$A$1:$F$50,4,0) -> DSP | L27: =VLOOKUP(VLOOKUP($D27,[1]lignes_bus!$B$1:$E$200,4,0),[2]prestataires!$A$1:$F$50,6,0) -> 47118 | M27: =$L27-$B27 -> 487 | N27: =IF($M27<0,"Contrat expiré",IF($M27<=548,"Échéance proche","Suivi normal")) -> Échéance proche | O27: =IF($B27="","",YEAR($B27)) -> 2027 | P27: =IF($B27="","","T"&ROUNDUP(MONTH($B27)/3,0)) -> T3

Sheet listes
A1: canaux | B1: motifs | C1: numeros_lignes
A2: Courrier | B2: Comportement conducteur | C2: =IF([1]lignes_bus!B2=0,"",[1]lignes_bus!B2) -> 169
A3: Email | B3: Confort / Surcharge | C3: =IF([1]lignes_bus!B3=0,"",[1]lignes_bus!B3) -> 323
A4: Formulaire web | B4: Information voyageurs | C4: =IF([1]lignes_bus!B4=0,"",[1]lignes_bus!B4) -> 389
A5: Guichet | B5: Infrastructure / Arrêt | C5: =IF([1]lignes_bus!B5=0,"",[1]lignes_bus!B5) -> 290
A6: Réseaux sociaux | B6: Retard | C6: =IF([1]lignes_bus!B6=0,"",[1]lignes_bus!B6) -> 58
A7: Téléphone | B7: Suppression de service | C7: =IF([1]lignes_bus!B7=0,"",[1]lignes_bus!B7) -> N118
C8: =IF([1]lignes_bus!B8=0,"",[1]lignes_bus!B8) -> 291
C9: =IF([1]lignes_bus!B9=0,"",[1]lignes_bus!B9) -> 289
C10: =IF([1]lignes_bus!B10=0,"",[1]lignes_bus!B10)
C11: =IF([1]lignes_bus!B11=0,"",[1]lignes_bus!B11)
C12: =IF([1]lignes_bus!B12=0,"",[1]lignes_bus!B12)
C13: =IF([1]lignes_bus!B13=0,"",[1]lignes_bus!B13)
C14: =IF([1]lignes_bus!B14=0,"",[1]lignes_bus!B14)
C15: =IF([1]lignes_bus!B15=0,"",[1]lignes_bus!B15)
C16: =IF([1]lignes_bus!B16=0,"",[1]lignes_bus!B16)
C17: =IF([1]lignes_bus!B17=0,"",[1]lignes_bus!B17)
C18: =IF([1]lignes_bus!B18=0,"",[1]lignes_bus!B18)
C19: =IF([1]lignes_bus!B19=0,"",[1]lignes_bus!B19)
... C41: =IF([1]lignes_bus!B41=0,"",[1]lignes_bus!B41)

Sheet Tableau de suivi
A1: TABLEAU DE SUIVI DES RÉCLAMATIONS
A2: Synthèse de pilotage - réclamations réseau de bus | N2: =COUNTIF(reclamations!$D$2:$D$27,$M2) -> 0
N3: =COUNTIF(reclamations!$D$2:$D$27,$M3) -> 0
A4: ÉTAT DU TRAITEMENT | N4: =COUNTIF(reclamations!$D$2:$D$27,$M4) -> 0
A5: =COUNTA(reclamations!$A$2:$A$27) -> 26 | C5: =IFERROR(COUNTIF(reclamations!$H$2:$H$27,1)/COUNTA(reclamations!$A$2:$A$27),0) -> 0.53846154 | E5: =COUNTIF(reclamations!$H$2:$H$27,0) -> 12 | N5: =COUNTIF(reclamations!$D$2:$D$27,$M5) -> 0
A6: Réclamations reçues | C6: Taux de clôture | E6: Réclamations en cours | N6: =COUNTIF(reclamations!$D$2:$D$27,$M6) -> 0
N7: =COUNTIF(reclamations!$D$2:$D$27,$M7) -> 0
A8: RÉPONSES AUX 3 QUESTIONS | N8: =COUNTIF(reclamations!$D$2:$D$27,$M8) -> 0
A9: Q1 - Prestataire le plus problématique | C9: Q2 - Commune la plus impactée | E9: Q3 - Ligne la plus problématique | N9: =COUNTIF(reclamations!$D$2:$D$27,$M9) -> 0
A10: =INDEX(A17:A20,MATCH(MAX(B17:B20),B17:B20,0)) -> Transdev Île-de-France SA | C10: =INDEX(A27:A34,MATCH(MAX(B27:B34),B27:B34,0)) -> Meudon | E10: =INDEX(D27:D34, MATCH(MAX(E27:E34), E27:E34, 0)) -> 169
A11: =MAX(B17:B20)&" réclamations" -> 14 réclamations | C11: =MAX(B27:B34)&" réclamations" -> 7 réclamations | E11: =MAX(E27:E34)&" réclamations" -> 10 réclamations
A13: DÉTAIL PAR TABLEAU CROISÉ DYNAMIQUE
A15: Réclamations par prestataire | D15: Réclamations par motif
A16: Étiquettes de lignes | B16: Nombre de réclamations | D16: Étiquettes de lignes | E16: Nombre de réclamations
A17: ATM Croix du Sud SARL | B17: 5 | D17: Comportement conducteur | E17: 2
A18: Keolis Île-de-France SA | B18: 2 | D18: Confort / Surcharge | E18: 4
A19: RATP Dev SACS | B19: 5 | D19: Information voyageurs | E19: 3
A20: Transdev Île-de-France SA | B20: 14 | D20: Infrastructure / Arrêt | E20: 2
A21: Total général | B21: 26 | D21: Retard | E21: 10
D22: Suppression de service | E22: 5
D23: Total général | E23: 26
A25: Réclamations par commune | D25: Réclamations par ligne
A26: Étiquettes de lignes | B26: Nombre de réclamations | D26: Étiquettes de lignes | E26: Nombre de réclamations
A27: Boulogne-Billancourt | B27: 2 | D27: 169 | E27: 10
A28: Chaville | B28: 3 | D28: 289 | E28: 1
A29: Issy-les-Moulineaux | B29: 4 | D29: 290 | E29: 3
A30: Marne-la-Coquette | B30: 4 | D30: 291 | E30: 1
A31: Meudon | B31: 7 | D31: 323 | E31: 4
A32: Sèvres | B32: 3 | D32: 389 | E32: 2
A33: Vanves | B33: 2 | D33: 58 | E33: 2
A34: Ville-d'Avray | B34: 1 | D34: N118 | E34: 3
A35: Total général | B35: 26 | D35: Total général | E35: 26
